ArrayString.idf.ini, ArrayString
CONDITIONLOGIC.idf.ini, CONDITIONLOGIC
ENTRYACTION.idf.ini, ENTRYACTION
EightIWayIndexedDemultiplexer.idf.ini, IndexedDemultiplexer_String
INDICATOR3COLOUR.idf.ini, GUI_Indicator3Colour
ListProgrammes.idf.ini, ListProgrammes
MoveDelay.idf.ini, MoveDelay
MoveImageAbs.idf.ini, MoveImageAbs
NewComponent.idf.ini, NewComponent
PolarCoordGenerator.idf.ini, PolarCoordGenerator
ProgrammePlay.idf.ini, ProgrammePlay
RecRmover.idf.ini, RecRmover
RemoteKey.idf.ini, RemoteKey
SFCBAR.idf.ini, SFCBarGroup1
SFCBAREVENT.idf.ini, SFCBarGroup1Event
SFCBARGROUP12.idf.ini, SFCBarGroup12
SFCBARGROUP12EVENT.idf.ini, SFCBarGroup12Event
SFCBARGROUP2.idf.ini, SFCBarGroup2
SFCBARGROUP2EVENT.idf.ini, SFCBarGroup2Event
SFCBARGROUP3.idf.ini, SFCBarGroup3
SFCBARGROUP3EVENT.idf.ini, SFCBarGroup3Event
SFCBARGROUP4.idf.ini, SFCBarGroup4
SFCBARGROUP4EVENT.idf.ini, SFCBarGroup4Event
SFCBARGROUP8.idf.ini, SFCBarGroup8
SFCBARGROUP8EVENT.idf.ini, SFCBarGroup8Event
STATE.idf.ini, state
SerialOut.idf.ini, SerialOut
TRANSITIONACTION.idf.ini, TRANSITIONACTION
adcread.idf.ini, ADC_ReadChannel
addacci.idf.ini, AddAccumulateInt
addaccr.idf.ini, AddAccumulateReal
cats.idf.ini, CatString
charats.idf.ini, CharAtString
cmps.idf.ini, CmpString
constb.idf.ini, Constant_Bool
consti.idf.ini, Constant_Int
constr.idf.ini, Constant_Real
consts.idf.ini, Constant_String
counter.idf.ini, EventCounter
dacwrite.idf.ini, DAC_WriteChannel
demux2b.idf.ini, DemultiplexTwoOutputBool
demux2i.idf.ini, DemultiplexTwoOutputInt
demux2r.idf.ini, DemultiplexTwoOutputReal
demux2s.idf.ini, DemultiplexTwoOutputString
demux3b.idf.ini, DemultiplexThreeOutputBool
demux3i.idf.ini, DemultiplexThreeOutputInt
demux3r.idf.ini, DemultiplexThreeOutputReal
demux3s.idf.ini, DemultiplexThreeOutputString
demux4b.idf.ini, DemultiplexFourOutputBool
demux4i.idf.ini, DemultiplexFourOutputInt
demux4r.idf.ini, DemultiplexFourOutputReal
demux4s.idf.ini, DemultiplexFourOutputString
dfgsdg.idf.ini, dfgsdg
digiorbit.idf.ini, DIGIO_ReadBit
digiowbit.idf.ini, DIGIO_WriteBit
eventand2.idf.ini, EventTwoInputLatchingAnd
eventand3.idf.ini, EventThreeInputLatchingAnd
eventand4.idf.ini, EventFourInputLatchingAnd
eventboolctrl.idf.ini, EventBooleanControl
eventclkcoarse.idf.ini, CoarseEventClock
eventclock.idf.ini, EventClock
eventcntrv.idf.ini, EventCounterVersatile
eventdelay.idf.ini, EventClock
eventedgedetect.idf.ini, EventEdgeDetect
eventinterval.idf.ini, TimeInterval
eventor2.idf.ini, EventTwoInputOr
eventor3.idf.ini, EventThreeInputOr
eventor4.idf.ini, EventFourInputOr
eventrstand2.idf.ini, EventSelfResetTwoInputLatchingAnd
eventrstand3.idf.ini, EventSelfResetThreeInputLatchingAnd
eventrstand4.idf.ini, EventSelfResetFourInputLatchingAnd
eventsetrstbool.idf.ini, EventSetReset
eventtoggbool.idf.ini, EventToggleBoolean
fifobbq.idf.ini, FIFO_Bool
fifoiiq.idf.ini, FIFO_Int
fiforrq.idf.ini, FIFO_Real
fifossq.idf.ini, FIFO_String
filerob.idf.ini, FILE_ReadOnly_Bool
fileroi.idf.ini, FILE_ReadOnly_Int
fileror.idf.ini, FILE_ReadOnly_Real
fileros.idf.ini, FILE_ReadOnly_String
filewob.idf.ini, FILE_WriteOnly_Bool
filewoi.idf.ini, FILE_WriteOnly_Int
filewor.idf.ini, FILE_WriteOnly_Real
filewos.idf.ini, FILE_WriteOnly_String
finds.idf.ini, FindString
guibutton.idf.ini, GUI_Button
guiimage.idf.ini, GUI_Image
guiini.idf.ini, GUI_InputTextBoxInt
guiinr.idf.ini, GUI_InputTextBoxReal
guiins.idf.ini, GUI_InputTextBoxString
guilatchbutton.idf.ini, GUI_LatchingButton
guioutb.idf.ini, GUI_OutputTextBoxBool
guiouti.idf.ini, GUI_OutputTextBoxInt
guioutr.idf.ini, GUI_OutputTextBoxReal
guiouts.idf.ini, GUI_OutputTextBoxString
indicator.idf.ini, GUI_IndicatorBool
inserts.idf.ini, InsertString
integrator.idf.ini, Integrator_Int
lens.idf.ini, LenString
lifobbq.idf.ini, LIFO_Bool
lifoiiq.idf.ini, LIFO_Int
liforrq.idf.ini, LIFO_Real
lifossq.idf.ini, LIFO_String
lwrs.idf.ini, ToLowerString
mainwin.idf.ini, MainWindow
meter.idf.ini, Meter
mux2b.idf.ini, MultiplexTwoInputBool
mux2i.idf.ini, MultiplexTwoInputInt
mux2r.idf.ini, MultiplexTwoInputReal
mux2s.idf.ini, MultiplexTwoInputString
mux3b.idf.ini, MultiplexThreeInputBool
mux3i.idf.ini, MultiplexThreeInputInt
mux3r.idf.ini, MultiplexThreeInputReal
mux3s.idf.ini, MultiplexThreeInputString
mux4b.idf.ini, MultiplexFourInputBool
mux4i.idf.ini, MultiplexFourInputInt
mux4r.idf.ini, MultiplexFourInputReal
mux4s.idf.ini, MultiplexFourInputString
oabsix.idf.ini, AbsInt
oacoshrx.idf.ini, ArcHyperbolicCosineReal
oacosrx.idf.ini, ArcCosineReal
oadd2ix.idf.ini, AdditionTwoInputInt
oadd2rx.idf.ini, AdditionTwoInputReal
oadd3ix.idf.ini, AdditionThreeInputInt
oadd3rx.idf.ini, AdditionThreeInputReal
oadd4ix.idf.ini, AdditionFourInputInt
oadd4rx.idf.ini, AdditionFourInputReal
oand2bbx.idf.ini, LogicTwoInputAnd
oand3bbx.idf.ini, LogicThreeInputAnd
oand4bbx.idf.ini, LogicFourInputAnd
oandbbx.idf.ini, Oandbbx
oasinhrx.idf.ini, ArcHyperbolicSineReal
oasinrx.idf.ini, ArcSineReal
oatanhrx.idf.ini, ArcHyperbolicTanReal
oatanrx.idf.ini, ArcTanReal
ocmeibx.idf.ini, ComparatorGreaterEqualInt
ocmerbx.idf.ini, ComparatorGreaterEqualReal
ocmpibx.idf.ini, ComparatorGreaterInt
ocmprbx.idf.ini, ComparatorGreaterReal
ocoshrx.idf.ini, HyperbolicCosineReal
ocosrx.idf.ini, CosineReal
odivix.idf.ini, DivisionInt
odivrx.idf.ini, DivisionReal
oequibx.idf.ini, ComparatorEqualInt
oequrbx.idf.ini, ComparatorEqualReal
oexprx.idf.ini, ExponentialReal
olog10rx.idf.ini, LogBaseTenReal
ologrx.idf.ini, LogReal
omodix.idf.ini, ModulusInt
omodrx.idf.ini, ModulusReal
omul2ix.idf.ini, MultiplyTwoInputInt
omul2rx.idf.ini, MultiplyTwoInputReal
omul3ix.idf.ini, MultiplyThreeInputInt
omul3rx.idf.ini, MultiplyThreeInputReal
omul4ix.idf.ini, MultiplyFourInputInt
omul4rx.idf.ini, MultiplyFourInputReal
onand2bbx.idf.ini, LogicTwoInputNand
onand3bbx.idf.ini, LogicThreeInputNand
onand4bbx.idf.ini, LogicFourInputNand
onor2bbx.idf.ini, LogicTwoInputNor
onor3bbx.idf.ini, LogicThreeInputNor
onor4bbx.idf.ini, LogicFourInputNor
onotbbx.idf.ini, LogicNot
oor2bbx.idf.ini, LogicTwoInputOr
oor3bbx.idf.ini, LogicThreeInputOr
oor4bbx.idf.ini, LogicFourInputOr
oorxbbx.idf.ini, Oorxbbx
opowix.idf.ini, PowerInt
opowrx.idf.ini, PowerReal
osinhrx.idf.ini, HyperbolicSineReal
osinrx.idf.ini, SineReal
osqrix.idf.ini, SquareInt
osqrrx.idf.ini, SquareReal
osqrtrx.idf.ini, SquareRootReal
osubix.idf.ini, SubtractionInt
osubrx.idf.ini, SubtractionReal
otanhrx.idf.ini, HyperbolicTanReal
otanrx.idf.ini, TanReal
oxorbbx.idf.ini, LogicXor
posedgedetect.idf.ini, EventPositiveEdgeDetect
realbargraph.idf.ini, RealBarGraph
sdc.idf.ini, sdc
sdgsdg.idf.ini, sdgsdg
singlebargraph.idf.ini, SingleBarGraph
slider.idf.ini, Slider
state_machine_group.idf.ini, NewBlock
strats.idf.ini, StrAtString
subacci.idf.ini, SubAccumulateInt
subaccr.idf.ini, SubAccumulateReal
subs.idf.ini, SubString
tranbix.idf.ini, ConvertorBoolToInt
tranbrx.idf.ini, ConvertorBoolToReal
tranbsx.idf.ini, ConvertorBoolToString
tranibx.idf.ini, ConvertorIntToBool
tranirx.idf.ini, ConvertorIntToReal
tranisx.idf.ini, ConvertorIntToString
tranrbx.idf.ini, ConvertorRealToBool
tranrix.idf.ini, ConvertorRealToInt
tranrsx.idf.ini, ConvertorRealToString
transbx.idf.ini, ConvertorStringToBool
transix.idf.ini, ConvertorStringToInt
transrx.idf.ini, ConvertorStringToReal
uprs.idf.ini, ToUpperString
xcxg.idf.ini, xcxg
xfinish.idf.ini, xfinish
xinputb.idf.ini, xinput
xinputi.idf.ini, xinput
xinputr.idf.ini, xinput
xinputs.idf.ini, xinput
xoutputb.idf.ini, xoutput
xoutputi.idf.ini, xoutput
xoutputr.idf.ini, xoutput
xoutputs.idf.ini, xoutput
xstart.idf.ini, xstart
